haskitchen,avg(baserent)
False,664.9166265060239
True,869.4464444444446
