haskitchen,avg(baserent)
False,708.4666666666667
True,1053.9675000000002
